id;date;price;free_float;shares
10;2026-09-21;;0.6766;309375
100;2026-09-21;;0.9237;13320867
101;2026-09-21;;0.8476;5835000
103;2026-09-21;;1;45867891
104;2026-09-21;;0.4929;3000000
106;2026-09-21;;0.2955;13649739
107;2026-09-21;;0.4662;5349810
108;2026-09-21;;0.2312;13999084
109;2026-09-21;;0.6217;10250000
11;2026-09-21;;0.72;1485000
110;2026-09-21;;0.875;7230626
111;2026-09-21;;1;7449923
112;2026-09-21;;0.9433;1000000
117;2026-09-21;;0.4741;1140000
118;2026-09-21;;0.3969;307100183
12;2026-09-21;;0.4172;1960000
120;2026-09-21;;0.4002;105000
121;2026-09-21;;0.8627;18472000
122;2026-09-21;;0.487;12848962
124;2026-09-21;;0.3137;67077452
127;2026-09-21;;0.3167;28500000
128;2026-09-21;;0.913;3400000
129;2026-09-21;;0.5029;5975580
13;2026-09-21;;0.5119;136057708
130;2026-09-21;;0.0569;40200
132;2026-09-21;;0.9036;14681232
133;2026-09-21;;0.9046;20759126
134;2026-09-21;;0.5725;13461428
135;2026-09-21;;0.3887;40000000
136;2026-09-21;;1;72000
137;2026-09-21;;0.6167;218654496
14;2026-09-21;;0.2371;12960000
140;2026-09-21;;0.601;12600000
141;2026-09-21;;0.8376;19190000
142;2026-09-21;;0.0289;7730394
149;2026-09-21;;0.5118;34262370
151;2026-09-21;;1;55400000
153;2026-09-21;;0.2174;31053147
154;2026-09-21;;0.7065;255136
155;2026-09-21;;1;2576520000
157;2026-09-21;;0.6541;960500
158;2026-09-21;;0.3388;1146931
16;2026-09-21;;0.8049;12300000
160;2026-09-21;;0.8566;194777282
162;2026-09-21;;0.7788;7730000
163;2026-09-21;;1;206001780
167;2026-09-21;;0.7791;69473243
168;2026-09-21;;0.88;6542399
171;2026-09-21;;0.7379;55535334
173;2026-09-21;;0.8006;7611972
174;2026-09-21;;0.4482;5840453
175;2026-09-21;;0.6357;16440757
176;2026-09-21;;1;298761710
177;2026-09-21;;1;537582089
178;2026-09-21;;0.4525;159102442
18;2026-09-21;;0.5461;1104704
180;2026-09-21;;0.3746;52800000
181;2026-09-21;;0.55;65042963
182;2026-09-21;;1;2729551
183;2026-09-21;;0.6434;460340
184;2026-09-21;;0.2365;2400000
186;2026-09-21;;0.5404;18494242
188;2026-09-21;;0.3846;11020600
189;2026-09-21;;0.7975;10622130
190;2026-09-21;;0.8926;3360000
191;2026-09-21;;1;30000000
193;2026-09-21;;1;4000000
194;2026-09-21;;0.8807;6650000
195;2026-09-21;;0.4205;11664219
196;2026-09-21;;0.4669;38900000
198;2026-09-21;;0.4604;10119600
199;2026-09-21;;0.4185;13500000
2;2026-09-21;;0.6449;5488858
20;2026-09-21;;0.1947;228492
200;2026-09-21;;0.8032;1827000
201;2026-09-21;;1;99844394
202;2026-09-21;;0.9133;40374641
203;2026-09-21;;0.6186;119632
205;2026-09-21;;0.918;3341581714
207;2026-09-21;;0.6387;9500000
208;2026-09-21;;1;9268200
209;2026-09-21;;0.8966;43229135
211;2026-09-21;;0.7144;1827000
215;2026-09-21;;0.2997;15800000
216;2026-09-21;;0.3927;3318027
217;2026-09-21;;0.6084;4088287
218;2026-09-21;;0.8966;30000000
219;2026-09-21;;0.3008;6285712
220;2026-09-21;;0.5454;6015000
221;2026-09-21;;0.6162;30701875
222;2026-09-21;;0.572;17543522
223;2026-09-21;;0.76;39179277
224;2026-09-21;;0.2184;12800000
226;2026-09-21;;0.6288;10126018
227;2026-09-21;;0.2743;72000000
228;2026-09-21;;1;50000000
229;2026-09-21;;1;7773966
23;2026-09-21;;0.9075;13774000
230;2026-09-21;;0.215;3000000
231;2026-09-21;;0.3785;30800000
233;2026-09-21;;0.1844;3023295
234;2026-09-21;;0.7826;252461108
236;2026-09-21;;0.7035;51617824
237;2026-09-21;;0.8962;28908944
24;2026-09-21;;0.9192;854000
241;2026-09-21;;0.844;133905
243;2026-09-21;;0.7873;51538818
244;2026-09-21;;0.7401;71907147
245;2026-09-21;;0.4662;116919500
246;2026-09-21;;0.8256;59626809
247;2026-09-21;;0.2908;23389028
248;2026-09-21;;0.638;141648339
249;2026-09-21;;0.8486;26700000
250;2026-09-21;;1;40716831
251;2026-09-21;;0.4599;120753783
252;2026-09-21;;0.8995;160784460
253;2026-09-21;;1;33922404
254;2026-09-21;;1;24827644
256;2026-09-21;;0.2822;1079514010
257;2026-09-21;;0.573;339758576
26;2026-09-21;;1;5900000
263;2026-09-21;;0.3248;14461457
264;2026-09-21;;0.6773;15615723
265;2026-09-21;;0.4314;13632277
269;2026-09-21;;0.2506;33796535
27;2026-09-21;;0.4011;14744526
270;2026-09-21;;1;160479293
271;2026-09-21;;0.4349;8840000
275;2026-09-21;;0.7823;382270872
277;2026-09-21;;0.9015;34182581
279;2026-09-21;;0.3055;20000000
28;2026-09-21;;0.4905;51801943
280;2026-09-21;;1;499700000
281;2026-09-21;;0.5849;100000000
283;2026-09-21;;0.2946;84529460
288;2026-09-21;;0.7257;221102953
29;2026-09-21;;1;2550000
290;2026-09-21;;1;10170915
291;2026-09-21;;0.4693;47478954
293;2026-09-21;;0.3046;6428571
296;2026-09-21;;0.4403;33200000
297;2026-09-21;;0.5472;62679100
298;2026-09-21;;0.5946;41262370
299;2026-09-21;;0.5596;22483524
3;2026-09-21;;0.335;730000
302;2026-09-21;;0.9051;37239162
303;2026-09-21;;0.5095;5767572
304;2026-09-21;;0.3268;11205076
307;2026-09-21;;1;94500000
309;2026-09-21;;1;440000000
311;2026-09-21;;0.6537;237897635
313;2026-09-21;;0.9409;71259702
315;2026-09-21;;0.8422;5848011
317;2026-09-21;;0.9333;566875513
34;2026-09-21;;0.5869;4680000
35;2026-09-21;;0.6625;197278
359;2026-09-21;;0.2269;98145200
36;2026-09-21;;0.4989;288288
37;2026-09-21;;0.2698;5154049
38;2026-09-21;;0.8313;100000
39;2026-09-21;;1;16592821
4;2026-09-21;;0.5382;4670283
40;2026-09-21;;1;750000
41;2026-09-21;;1;80234375
42;2026-09-21;;1;991222
43;2026-09-21;;0.8297;9233586
44;2026-09-21;;0.75;5133333
45;2026-09-21;;0.6863;1431808
47;2026-09-21;;0.785;15328170
48;2026-09-21;;0.485;9320000
50;2026-09-21;;1;390710
52;2026-09-21;;0.3127;10600000
54;2026-09-21;;1;153446663
55;2026-09-21;;0.7036;24451610
56;2026-09-21;;0.5056;37059946
57;2026-09-21;;1;36000000
58;2026-09-21;;0.7232;42000260
59;2026-09-21;;0.3852;49583333
6;2026-09-21;;0.422;5463121
60;2026-09-21;;0.49;5993666
62;2026-09-21;;0.2745;106691000
63;2026-09-21;;1;702562700
64;2026-09-21;;0.9296;2112421867
65;2026-09-21;;0.8561;1843899204
66;2026-09-21;;1;12825883
67;2026-09-21;;1;168426561
68;2026-09-21;;0.6334;331939199
69;2026-09-21;;1;570000
70;2026-09-21;;0.9428;566875513
71;2026-09-21;;0.4912;56875000
72;2026-09-21;;0.6642;6000000
74;2026-09-21;;0.417;75000000
76;2026-09-21;;0.7405;159455239
79;2026-09-21;;0.9499;82017960
80;2026-09-21;;1;28936000
81;2026-09-21;;0.7733;99418092
83;2026-09-21;;0.6933;330000
87;2026-09-21;;1;70229021
88;2026-09-21;;0.3409;8007202
9;2026-09-21;;0.3886;16712744
90;2026-09-21;;0.95;45230000
95;2026-09-21;;1;28532982
97;2026-09-21;;1;15792461
98;2026-09-21;;0.3305;86061900
10;2026-09-10;2080;0.6766;309375
100;2026-09-10;55.2;0.9237;13318449
101;2026-09-10;311.5;0.8048;5835000
103;2026-09-10;165.7;1;45867891
104;2026-09-10;213;0.4462;3000000
106;2026-09-10;267;0.2816;13649739
107;2026-09-10;810;0.4665;5349810
108;2026-09-10;360;0.2312;13999084
109;2026-09-10;382;0.6217;10250000
11;2026-09-10;898;0.72;1485000
110;2026-09-10;0.92;0.875;7230626
111;2026-09-10;400.5;1;7449923
112;2026-09-10;733;0.9433;1000000
117;2026-09-10;318.5;0.4741;1140000
118;2026-09-10;18.88;0.3843;306687711
12;2026-09-10;131;0.4172;1960000
120;2026-09-10;580;0.4002;105000
121;2026-09-10;72.2;0.8627;18472000
122;2026-09-10;163.8;0.487;12848962
124;2026-09-10;281.5;0.3137;67077452
127;2026-09-10;45.4;0.3167;28500000
128;2026-09-10;575;0.913;3400000
129;2026-09-10;57.3;0.5029;5975580
13;2026-09-10;3.12;0.5119;136057708
130;2026-09-10;144;0.0569;40200
132;2026-09-10;16.9;0.8248;14012004
133;2026-09-10;18.6;0.9008;19960994
134;2026-09-10;8.86;0.5725;13461428
135;2026-09-10;144.8;0.3887;40000000
136;2026-09-10;4020;1;72000
137;2026-09-10;0.048;0.6167;218654496
14;2026-09-10;7.05;0.2371;12960000
140;2026-09-10;168;0.601;12600000
141;2026-09-10;185.2;0.8376;19190000
142;2026-09-10;135;0.0289;7730394
149;2026-09-10;170;0.5118;34262370
151;2026-09-10;47.1;1;55400000
153;2026-09-10;4.41;0.2174;31053147
154;2026-09-10;802;0.7065;255136
155;2026-09-10;223.45;1;2576520000
157;2026-09-10;432;0.6541;960500
158;2026-09-10;65.6;0.3998;1146931
16;2026-09-10;772;0.8049;12300000
160;2026-09-10;97;0.8566;194777282
162;2026-09-10;261;0.7788;7730000
163;2026-09-10;65.6;1;206001780
166;2026-09-10;0.13;0.087;1139771344
167;2026-09-10;4.945;0.7791;69473243
168;2026-09-10;11.78;1;6542399
171;2026-09-10;5.8;0.7379;55535334
173;2026-09-10;12.9;0.8006;7611972
174;2026-09-10;127;0.4482;5840453
175;2026-09-10;2.18;0.6685;16440757
176;2026-09-10;135.95;1;298761710
177;2026-09-10;157.25;1;537582089
178;2026-09-10;0.7;0.5593;154102442
18;2026-09-10;19.5;0.5461;1104704
180;2026-09-10;151.4;0.3746;52800000
181;2026-09-10;62.3;0.55;65042963
182;2026-09-10;106.5;1;2729551
183;2026-09-10;2460;0.6434;460340
184;2026-09-10;138;0.2365;2400000
186;2026-09-10;11.38;0.5377;18494242
188;2026-09-10;37.1;0.3846;11020600
189;2026-09-10;162.8;0.715;10622130
190;2026-09-10;56.6;0.8926;3360000
191;2026-09-10;99.6;1;30000000
193;2026-09-10;182;1;4000000
194;2026-09-10;165.8;0.8807;6650000
195;2026-09-10;13.6;0.4219;11664219
196;2026-09-10;122.2;0.469;38900000
198;2026-09-10;135.8;0.4604;10119600
199;2026-09-10;24.7;0.4185;13500000
2;2026-09-10;1445;0.6449;5488858
20;2026-09-10;1270;0.1947;228492
200;2026-09-10;255;0.8032;1827000
201;2026-09-10;8.565;1;99844394
202;2026-09-10;3.87;0.9133;40374641
203;2026-09-10;49.8;0.6186;119632
205;2026-09-10;173.45;0.876;3341581714
207;2026-09-10;170.6;0.6387;9500000
208;2026-09-10;81.5;1;9268200
209;2026-09-10;15.52;0.8966;43229135
211;2026-09-10;438;0.7144;1827000
215;2026-09-10;143;0.2997;15800000
216;2026-09-10;48;0.3927;3318027
217;2026-09-10;11.66;0.6077;4080546
218;2026-09-10;544.2;0.8966;30000000
219;2026-09-10;216;0.3008;6285712
220;2026-09-10;86.8;0.5384;6015000
221;2026-09-10;264;0.6162;30701875
222;2026-09-10;113.8;0.5218;17543522
223;2026-09-10;27.06;0.7598;39154606
224;2026-09-10;154.5;0.2184;12800000
226;2026-09-10;18.1;0.6288;10126018
227;2026-09-10;31.9;0.2743;72000000
228;2026-09-10;96.1;1;50000000
229;2026-09-10;297.6;1;7773966
23;2026-09-10;22.75;0.9075;13774000
230;2026-09-10;78;0.215;3000000
231;2026-09-10;93.3;0.3785;30800000
233;2026-09-10;12.5;0.1954;3023295
234;2026-09-10;3.915;0.7803;249759611
236;2026-09-10;5.165;0.7347;51617824
237;2026-09-10;52.7;0.8962;28908944
24;2026-09-10;1934;0.9192;854000
241;2026-09-10;126800;0.844;133905
243;2026-09-10;1.145;0.7872;51509214
244;2026-09-10;71.5;0.7401;71907147
245;2026-09-10;38.38;0.4662;116919500
246;2026-09-10;201.9;0.8256;59626809
247;2026-09-10;639;0.2908;23389028
248;2026-09-10;50.75;0.7;146509681
249;2026-09-10;857.4;0.8487;26700000
250;2026-09-10;293.6;1;40716831
251;2026-09-10;179.35;0.4599;120753783
252;2026-09-10;70.84;1;160784460
253;2026-09-10;648;1;33922404
254;2026-09-10;55.5;1;24827644
256;2026-09-10;0.1295;0.2824;1078607163
257;2026-09-10;4.23;0.573;339758576
26;2026-09-10;112.5;1;5900000
263;2026-09-10;0.65;0.3248;14461457
264;2026-09-10;56.2;0.6773;15615723
265;2026-09-10;92;0.4313;13628882
269;2026-09-10;15.52;0.2506;33796535
27;2026-09-10;10.45;0.4011;14744526
270;2026-09-10;159.5;1;160479293
271;2026-09-10;11.05;0.4349;8840000
275;2026-09-10;12.52;0.8828;382270872
277;2026-09-10;19;0.9015;34182581
279;2026-09-10;159.4;0.3055;20000000
28;2026-09-10;721.5;0.4905;51801943
280;2026-09-10;66.86;1;499700000
281;2026-09-10;20.52;0.5849;100000000
283;2026-09-10;13.4;0.2946;84529460
288;2026-09-10;6.755;0.7349;221102953
29;2026-09-10;61.5;1;2550000
290;2026-09-10;43.2;1;10170915
291;2026-09-10;26.5;0.4693;47478954
293;2026-09-10;40.7;0.3046;6428571
296;2026-09-10;25.7;0.4403;33200000
297;2026-09-10;31.2;0.546;62517427
298;2026-09-10;9.45;0.5946;41262370
299;2026-09-10;52.3;0.5596;22483524
3;2026-09-10;34.8;0.335;730000
302;2026-09-10;24.8;0.9051;37239162
303;2026-09-10;22.5;0.5095;5767572
304;2026-09-10;90.4;0.3268;11205076
307;2026-09-10;72.55;1;94500000
309;2026-09-10;68.02;1;440000000
311;2026-09-10;145.9;0.6537;237897635
313;2026-09-10;49.12;0.9367;71259702
315;2026-09-10;24.4;0.8422;5848011
317;2026-09-10;49.19;0.9333;566875513
34;2026-09-10;27.45;0.5869;4680000
35;2026-09-10;1350;0.6625;197278
359;2026-09-10;30.4;0.2011;98145200
36;2026-09-10;9860;0.4989;288288
37;2026-09-10;18.65;0.253;5037457
38;2026-09-10;3410;0.8313;100000
39;2026-09-10;236;1;16592821
4;2026-09-10;166.5;0.538;4668347
40;2026-09-10;2070;1;750000
41;2026-09-10;146.7;1;80234375
42;2026-09-10;12660;1;988514
43;2026-09-10;3092;0.8797;9233586
44;2026-09-10;67.9;0.75;5133333
45;2026-09-10;261;0.6863;1431808
47;2026-09-10;411.8;0.7336;15328170
48;2026-09-10;370;0.485;9320000
50;2026-09-10;157;1;390710
52;2026-09-10;161;0.3127;10600000
54;2026-09-10;580.6;1;146355754
55;2026-09-10;119.4;0.7036;24451610
56;2026-09-10;1.05;0.6359;37059946
57;2026-09-10;5.02;1;36000000
58;2026-09-10;57.5;0.7232;42000260
59;2026-09-10;103.6;0.3852;49583333
6;2026-09-10;34.2;0.422;5463121
60;2026-09-10;640;0.49;5993666
62;2026-09-10;381.4;0.2745;106691000
63;2026-09-10;367;1;702562700
64;2026-09-10;130.5;0.9296;2112421867
65;2026-09-10;71.82;0.8561;1843899204
66;2026-09-10;136.2;1;12825883
67;2026-09-10;21.56;1;168426561
68;2026-09-10;8.425;0.6334;331939199
69;2026-09-10;1190;1;570000
70;2026-09-10;70.88;0.9345;566875513
71;2026-09-10;70.2;0.4912;56875000
72;2026-09-10;65.8;0.6642;6000000
74;2026-09-10;59.4;0.417;75000000
76;2026-09-10;92.6;0.7405;159455239
79;2026-09-10;48.78;0.9499;82017960
80;2026-09-10;196.8;1;28936000
81;2026-09-10;200;0.7733;99418092
83;2026-09-10;228;0.6933;330000
87;2026-09-10;536.2;1;70229021
88;2026-09-10;271;0.3912;8007202
9;2026-09-10;17.3;0.3886;16712744
90;2026-09-10;85.7;0.95;45230000
95;2026-09-10;881.4;1;28532982
97;2026-09-10;167;1;15792461
98;2026-09-10;117.9;0.3305;86061900
