date;id
2026-09-21;10
2026-09-21;100
2026-09-21;101
2026-09-21;103
2026-09-21;104
2026-09-21;106
2026-09-21;107
2026-09-21;108
2026-09-21;109
2026-09-21;11
2026-09-21;110
2026-09-21;111
2026-09-21;112
2026-09-21;117
2026-09-21;118
2026-09-21;12
2026-09-21;120
2026-09-21;121
2026-09-21;122
2026-09-21;124
2026-09-21;127
2026-09-21;128
2026-09-21;129
2026-09-21;13
2026-09-21;130
2026-09-21;132
2026-09-21;133
2026-09-21;134
2026-09-21;135
2026-09-21;136
2026-09-21;137
2026-09-21;14
2026-09-21;140
2026-09-21;141
2026-09-21;142
2026-09-21;149
2026-09-21;151
2026-09-21;153
2026-09-21;154
2026-09-21;155
2026-09-21;157
2026-09-21;158
2026-09-21;16
2026-09-21;160
2026-09-21;162
2026-09-21;163
2026-09-21;167
2026-09-21;168
2026-09-21;171
2026-09-21;173
2026-09-21;174
2026-09-21;175
2026-09-21;176
2026-09-21;177
2026-09-21;178
2026-09-21;18
2026-09-21;180
2026-09-21;181
2026-09-21;182
2026-09-21;183
2026-09-21;184
2026-09-21;186
2026-09-21;188
2026-09-21;189
2026-09-21;190
2026-09-21;191
2026-09-21;193
2026-09-21;194
2026-09-21;195
2026-09-21;196
2026-09-21;198
2026-09-21;199
2026-09-21;2
2026-09-21;20
2026-09-21;200
2026-09-21;201
2026-09-21;202
2026-09-21;203
2026-09-21;205
2026-09-21;207
2026-09-21;208
2026-09-21;209
2026-09-21;211
2026-09-21;215
2026-09-21;216
2026-09-21;217
2026-09-21;218
2026-09-21;219
2026-09-21;220
2026-09-21;221
2026-09-21;222
2026-09-21;223
2026-09-21;224
2026-09-21;226
2026-09-21;227
2026-09-21;228
2026-09-21;229
2026-09-21;23
2026-09-21;230
2026-09-21;231
2026-09-21;233
2026-09-21;234
2026-09-21;236
2026-09-21;237
2026-09-21;24
2026-09-21;241
2026-09-21;243
2026-09-21;244
2026-09-21;245
2026-09-21;246
2026-09-21;247
2026-09-21;248
2026-09-21;249
2026-09-21;250
2026-09-21;251
2026-09-21;252
2026-09-21;253
2026-09-21;254
2026-09-21;256
2026-09-21;257
2026-09-21;26
2026-09-21;263
2026-09-21;264
2026-09-21;265
2026-09-21;269
2026-09-21;27
2026-09-21;270
2026-09-21;271
2026-09-21;275
2026-09-21;277
2026-09-21;279
2026-09-21;28
2026-09-21;280
2026-09-21;281
2026-09-21;283
2026-09-21;288
2026-09-21;29
2026-09-21;290
2026-09-21;291
2026-09-21;293
2026-09-21;296
2026-09-21;297
2026-09-21;298
2026-09-21;299
2026-09-21;3
2026-09-21;302
2026-09-21;303
2026-09-21;304
2026-09-21;307
2026-09-21;309
2026-09-21;311
2026-09-21;313
2026-09-21;315
2026-09-21;317
2026-09-21;34
2026-09-21;35
2026-09-21;359
2026-09-21;36
2026-09-21;37
2026-09-21;38
2026-09-21;39
2026-09-21;4
2026-09-21;40
2026-09-21;41
2026-09-21;42
2026-09-21;43
2026-09-21;44
2026-09-21;45
2026-09-21;47
2026-09-21;48
2026-09-21;50
2026-09-21;52
2026-09-21;54
2026-09-21;55
2026-09-21;56
2026-09-21;57
2026-09-21;58
2026-09-21;59
2026-09-21;6
2026-09-21;60
2026-09-21;62
2026-09-21;63
2026-09-21;64
2026-09-21;65
2026-09-21;66
2026-09-21;67
2026-09-21;68
2026-09-21;69
2026-09-21;70
2026-09-21;71
2026-09-21;72
2026-09-21;74
2026-09-21;76
2026-09-21;79
2026-09-21;80
2026-09-21;81
2026-09-21;83
2026-09-21;87
2026-09-21;88
2026-09-21;9
2026-09-21;90
2026-09-21;95
2026-09-21;97
2026-09-21;98
2026-09-21;10
2026-09-21;100
2026-09-21;101
2026-09-21;103
2026-09-21;104
2026-09-21;106
2026-09-21;107
2026-09-21;108
2026-09-21;109
2026-09-21;11
2026-09-21;110
2026-09-21;111
2026-09-21;112
2026-09-21;117
2026-09-21;118
2026-09-21;12
2026-09-21;120
2026-09-21;121
2026-09-21;122
2026-09-21;124
2026-09-21;127
2026-09-21;128
2026-09-21;129
2026-09-21;13
2026-09-21;130
2026-09-21;132
2026-09-21;133
2026-09-21;134
2026-09-21;135
2026-09-21;136
2026-09-21;137
2026-09-21;14
2026-09-21;140
2026-09-21;141
2026-09-21;142
2026-09-21;149
2026-09-21;151
2026-09-21;153
2026-09-21;154
2026-09-21;155
2026-09-21;157
2026-09-21;158
2026-09-21;16
2026-09-21;160
2026-09-21;162
2026-09-21;163
2026-09-21;166
2026-09-21;167
2026-09-21;168
2026-09-21;171
2026-09-21;173
2026-09-21;174
2026-09-21;175
2026-09-21;176
2026-09-21;177
2026-09-21;178
2026-09-21;18
2026-09-21;180
2026-09-21;181
2026-09-21;182
2026-09-21;183
2026-09-21;184
2026-09-21;186
2026-09-21;188
2026-09-21;189
2026-09-21;190
2026-09-21;191
2026-09-21;193
2026-09-21;194
2026-09-21;195
2026-09-21;196
2026-09-21;198
2026-09-21;199
2026-09-21;2
2026-09-21;20
2026-09-21;200
2026-09-21;201
2026-09-21;202
2026-09-21;203
2026-09-21;205
2026-09-21;207
2026-09-21;208
2026-09-21;209
2026-09-21;211
2026-09-21;215
2026-09-21;216
2026-09-21;217
2026-09-21;218
2026-09-21;219
2026-09-21;220
2026-09-21;221
2026-09-21;222
2026-09-21;223
2026-09-21;224
2026-09-21;226
2026-09-21;227
2026-09-21;228
2026-09-21;229
2026-09-21;23
2026-09-21;230
2026-09-21;231
2026-09-21;233
2026-09-21;234
2026-09-21;236
2026-09-21;237
2026-09-21;24
2026-09-21;241
2026-09-21;243
2026-09-21;244
2026-09-21;245
2026-09-21;246
2026-09-21;247
2026-09-21;248
2026-09-21;249
2026-09-21;250
2026-09-21;251
2026-09-21;252
2026-09-21;253
2026-09-21;254
2026-09-21;256
2026-09-21;257
2026-09-21;26
2026-09-21;263
2026-09-21;264
2026-09-21;265
2026-09-21;269
2026-09-21;27
2026-09-21;270
2026-09-21;271
2026-09-21;275
2026-09-21;277
2026-09-21;279
2026-09-21;28
2026-09-21;280
2026-09-21;281
2026-09-21;283
2026-09-21;288
2026-09-21;29
2026-09-21;290
2026-09-21;291
2026-09-21;293
2026-09-21;296
2026-09-21;297
2026-09-21;298
2026-09-21;299
2026-09-21;3
2026-09-21;302
2026-09-21;303
2026-09-21;304
2026-09-21;307
2026-09-21;309
2026-09-21;311
2026-09-21;313
2026-09-21;315
2026-09-21;317
2026-09-21;34
2026-09-21;35
2026-09-21;359
2026-09-21;36
2026-09-21;37
2026-09-21;38
2026-09-21;39
2026-09-21;4
2026-09-21;40
2026-09-21;41
2026-09-21;42
2026-09-21;43
2026-09-21;44
2026-09-21;45
2026-09-21;47
2026-09-21;48
2026-09-21;50
2026-09-21;52
2026-09-21;54
2026-09-21;55
2026-09-21;56
2026-09-21;57
2026-09-21;58
2026-09-21;59
2026-09-21;6
2026-09-21;60
2026-09-21;62
2026-09-21;63
2026-09-21;64
2026-09-21;65
2026-09-21;66
2026-09-21;67
2026-09-21;68
2026-09-21;69
2026-09-21;70
2026-09-21;71
2026-09-21;72
2026-09-21;74
2026-09-21;76
2026-09-21;79
2026-09-21;80
2026-09-21;81
2026-09-21;83
2026-09-21;87
2026-09-21;88
2026-09-21;9
2026-09-21;90
2026-09-21;95
2026-09-21;97
2026-09-21;98
